Entity,Code,Year,"Mean years of schooling (ISCED 1 or higher), population 25+ years, female"
Afghanistan,AFG,1975,0.2122
Afghanistan,AFG,1979,0.15689
Afghanistan,AFG,2015,0.74902
Afghanistan,AFG,2021,2.31108
Afghanistan,AFG,2022,1.17413
Albania,ALB,2001,8.23519
Albania,ALB,2008,8.77193
Albania,ALB,2011,9.39647
Albania,ALB,2012,9.83249
Albania,ALB,2017,9.6699
Algeria,DZA,1971,0.24293
Algeria,DZA,2006,5.16391
Algeria,DZA,2008,5.35618
Algeria,DZA,2011,5.04055
Algeria,DZA,2019,6.49624
American Samoa,ASM,1974,8.72367
American Samoa,ASM,1980,8.5252
American Samoa,ASM,1990,10.31818
Andorra,AND,2003,10.03948
Andorra,AND,2004,10.56852
Andorra,AND,2005,9.96473
Andorra,AND,2006,10.36856
Andorra,AND,2014,10.58952
Andorra,AND,2015,10.51278
Andorra,AND,2016,10.49055
Andorra,AND,2022,11.52259
Angola,AGO,2014,3.13211
Angola,AGO,2015,4.11691
Anguilla,AIA,2001,10.72076
Argentina,ARG,1970,5.71462
Argentina,ARG,1980,6.82075
Argentina,ARG,1991,8.09267
Argentina,ARG,2001,8.97764
Argentina,ARG,2003,10.00761
Argentina,ARG,2006,10.27607
Argentina,ARG,2008,10.4934
Argentina,ARG,2009,10.66305
Argentina,ARG,2010,10.68136
Argentina,ARG,2011,10.7754
Argentina,ARG,2012,10.94651
Argentina,ARG,2013,11.00965
Argentina,ARG,2014,11.07514
Argentina,ARG,2015,11.08461
Argentina,ARG,2016,11.06379
Argentina,ARG,2018,11.29546
Argentina,ARG,2020,11.39166
Armenia,ARM,2001,10.39706
Armenia,ARM,2011,11.18952
Armenia,ARM,2015,11.57561
Armenia,ARM,2016,11.68066
Armenia,ARM,2017,11.18345
Armenia,ARM,2020,11.32152
Aruba,ABW,1991,6.57412
Aruba,ABW,2000,8.3515
Aruba,ABW,2010,8.28815
Australia,AUS,1971,8.43783
Australia,AUS,2004,11.35782
Australia,AUS,2005,11.41157
Australia,AUS,2006,11.55758
Australia,AUS,2007,11.63407
Australia,AUS,2008,11.90552
Australia,AUS,2009,11.96806
Australia,AUS,2010,12.04116
Australia,AUS,2011,12.15478
Australia,AUS,2012,12.31255
Australia,AUS,2013,12.04196
Australia,AUS,2014,12.13216
Australia,AUS,2015,12.23505
Australia,AUS,2016,12.35841
Australia,AUS,2017,12.35355
Australia,AUS,2018,12.52498
Australia,AUS,2019,12.60936
Australia,AUS,2020,12.72825
Australia,AUS,2021,12.847
Australia,AUS,2022,12.94658
Austria,AUT,1971,9.06684
Austria,AUT,1981,9.57839
Austria,AUT,1991,9.73447
Austria,AUT,2005,11.13826
Austria,AUT,2007,11.04211
Austria,AUT,2008,10.92392
Austria,AUT,2009,11.23935
Austria,AUT,2010,11.30691
Austria,AUT,2011,11.29426
Austria,AUT,2012,11.34415
Austria,AUT,2013,11.40441
Austria,AUT,2014,11.62955
Austria,AUT,2015,11.71461
Austria,AUT,2016,11.77391
Austria,AUT,2017,11.84229
Austria,AUT,2019,11.97801
Azerbaijan,AZE,1999,9.78889
Azerbaijan,AZE,2007,10.25167
Azerbaijan,AZE,2008,10.26628
Azerbaijan,AZE,2009,10.27427
Azerbaijan,AZE,2010,10.30679
Azerbaijan,AZE,2011,10.30986
Azerbaijan,AZE,2012,10.31059
Azerbaijan,AZE,2013,10.2442
Azerbaijan,AZE,2014,10.24438
Azerbaijan,AZE,2015,10.23991
Azerbaijan,AZE,2016,10.32177
Azerbaijan,AZE,2017,10.29898
Azerbaijan,AZE,2018,10.29064
Azerbaijan,AZE,2019,10.28767
Azerbaijan,AZE,2023,10.98376
Bahamas,BHS,1990,10.05289
Bahamas,BHS,2000,11.24169
Bahamas,BHS,2010,12.01387
Bahrain,BHR,1971,1.12039
Bahrain,BHR,1991,5.02416
Bahrain,BHR,2001,7.22993
Bahrain,BHR,2010,7.9834
Bahrain,BHR,2016,8.9353
Bahrain,BHR,2017,9.13249
Bahrain,BHR,2018,10.38379
Bahrain,BHR,2020,10.73379
Bahrain,BHR,2022,11.36216
Bangladesh,BGD,1974,0.36262
Bangladesh,BGD,1981,0.92185
Bangladesh,BGD,2001,3.77931
Bangladesh,BGD,2011,4.40422
Bangladesh,BGD,2012,4.53899
Bangladesh,BGD,2013,4.36723
Bangladesh,BGD,2014,4.59836
Bangladesh,BGD,2015,5.34107
Bangladesh,BGD,2016,5.43883
Bangladesh,BGD,2017,5.63924
Bangladesh,BGD,2018,5.79832
Bangladesh,BGD,2019,5.97717
Bangladesh,BGD,2020,6.47372
Bangladesh,BGD,2021,6.24428
Barbados,BRB,1970,8.2708
Barbados,BRB,2000,9.074
Belarus,BLR,1970,5.88431
Belarus,BLR,1989,6.51704
Belarus,BLR,2009,11.06092
Belarus,BLR,2019,12.1546
Belgium,BEL,1970,7.11706
Belgium,BEL,2006,10.78918
Belgium,BEL,2008,10.88357
Belgium,BEL,2009,11.04336
Belgium,BEL,2010,11.17325
Belgium,BEL,2011,11.23901
Belgium,BEL,2012,11.27209
Belgium,BEL,2013,11.35049
Belgium,BEL,2014,11.43643
Belgium,BEL,2015,11.7336
Belgium,BEL,2016,11.82734
Belgium,BEL,2017,12.10628
Belgium,BEL,2019,12.3194
Belize,BLZ,1970,4.51409
Belize,BLZ,1980,4.9188
Belize,BLZ,1991,5.55404
Belize,BLZ,2005,7.96506
Belize,BLZ,2010,10.49278
Belize,BLZ,2015,8.94382
Belize,BLZ,2020,9.04207
Benin,BEN,1979,0.35527
Benin,BEN,2002,1.51134
Benin,BEN,2017,1.65254
Benin,BEN,2019,1.96338
Benin,BEN,2021,2.04947
Bermuda,BMU,1970,8.80555
Bermuda,BMU,1991,10.92382
Bermuda,BMU,2000,12.88659
Bermuda,BMU,2010,11.41742
Bermuda,BMU,2016,12.84571
Bhutan,BTN,2012,1.47865
Bhutan,BTN,2017,3.2457
Bolivia,BOL,1976,2.64261
Bolivia,BOL,1992,5.24062
Bolivia,BOL,2001,6.29731
Bolivia,BOL,2006,6.2882
Bolivia,BOL,2008,6.52121
Bolivia,BOL,2009,6.78129
Bolivia,BOL,2012,7.5594
Bolivia,BOL,2015,8.54002
Bolivia,BOL,2019,9.2737
Bolivia,BOL,2020,9.21673
Bosnia and Herzegovina,BIH,2010,6.1478
Bosnia and Herzegovina,BIH,2011,6.29336
Bosnia and Herzegovina,BIH,2014,8.05278
Bosnia and Herzegovina,BIH,2015,8.19373
Bosnia and Herzegovina,BIH,2016,8.63277
Bosnia and Herzegovina,BIH,2018,8.84955
Bosnia and Herzegovina,BIH,2020,9.77819
Bosnia and Herzegovina,BIH,2022,10.31927
Botswana,BWA,1971,1.32723
Brazil,BRA,1970,2.263
Brazil,BRA,1976,2.23399
Brazil,BRA,1980,2.47517
Brazil,BRA,2004,6.07125
Brazil,BRA,2006,6.42527
Brazil,BRA,2007,6.61254
Brazil,BRA,2008,6.79135
Brazil,BRA,2009,6.89271
Brazil,BRA,2010,7.0448
Brazil,BRA,2011,7.161
Brazil,BRA,2012,7.38186
Brazil,BRA,2013,7.47519
Brazil,BRA,2014,7.576
Brazil,BRA,2015,7.69868
Brazil,BRA,2016,7.90981
Brazil,BRA,2017,8.05301
Brazil,BRA,2018,8.18391
British Virgin Islands,VGB,1980,7.16361
British Virgin Islands,VGB,1991,8.94844
Brunei,BRN,1971,2.09997
Brunei,BRN,1981,5.14831
Brunei,BRN,2011,11.34095
Bulgaria,BGR,1975,4.34288
Bulgaria,BGR,1992,7.17756
Bulgaria,BGR,2001,9.91055
Bulgaria,BGR,2006,10.37717
Bulgaria,BGR,2007,10.49928
Bulgaria,BGR,2008,10.55844
Bulgaria,BGR,2009,10.63379
Bulgaria,BGR,2010,10.73286
Bulgaria,BGR,2011,10.79144
Bulgaria,BGR,2012,10.91713
Bulgaria,BGR,2013,11.04029
Bulgaria,BGR,2014,11.1184
Bulgaria,BGR,2015,11.26481
Bulgaria,BGR,2016,11.31565
Bulgaria,BGR,2017,11.33428
Bulgaria,BGR,2020,11.50781
Burkina Faso,BFA,2006,0.84762
Burkina Faso,BFA,2007,0.59494
Burkina Faso,BFA,2014,0.88623
Burkina Faso,BFA,2018,1.41272
Burkina Faso,BFA,2019,1.47497
Burkina Faso,BFA,2021,1.60258
Burundi,BDI,1990,0.82227
Burundi,BDI,2008,1.95418
Burundi,BDI,2014,1.57438
Burundi,BDI,2017,2.22519
Cambodia,KHM,2007,3.01645
Cambodia,KHM,2008,3.16483
Cambodia,KHM,2009,3.06191
Cambodia,KHM,2014,2.89312
Cambodia,KHM,2015,2.84553
Cambodia,KHM,2019,3.87285
Cambodia,KHM,2021,4.37363
Cameroon,CMR,1976,0.8293
Cameroon,CMR,2007,2.8701
Cameroon,CMR,2010,3.89835
Cameroon,CMR,2018,5.50058
Canada,CAN,1976,9.84542
Canada,CAN,1981,10.55204
Canada,CAN,1986,10.2911
Canada,CAN,1991,10.77037
Canada,CAN,2001,12.62592
Canada,CAN,2006,13.2744
Canada,CAN,2011,13.55752
Canada,CAN,2016,13.77984
Canada,CAN,2021,13.94247
Cape Verde,CPV,2015,5.61379
Cayman Islands,CYM,1970,6.24986
Cayman Islands,CYM,1989,8.91179
Cayman Islands,CYM,2004,11.65207
Cayman Islands,CYM,2005,12.20749
Cayman Islands,CYM,2006,11.93712
Cayman Islands,CYM,2007,12.50737
Cayman Islands,CYM,2008,12.81829
Cayman Islands,CYM,2014,13.38185
Cayman Islands,CYM,2015,13.54523
Central African Republic,CAF,1975,0.6516
Central African Republic,CAF,1988,1.07644
Central African Republic,CAF,2019,2.62122
Chad,TCD,2004,0.72367
Chad,TCD,2009,0.88563
Chad,TCD,2019,1.25291
Chile,CHL,1970,5.49999
Chile,CHL,1982,6.3173
Chile,CHL,2004,9.64423
Chile,CHL,2007,9.72189
Chile,CHL,2008,9.95974
Chile,CHL,2010,9.74269
Chile,CHL,2011,9.39374
Chile,CHL,2013,9.88011
Chile,CHL,2015,10.11736
Chile,CHL,2017,10.48244
China,CHN,1982,3.05761
China,CHN,2000,5.53435
China,CHN,2010,6.63271
China,CHN,2018,6.93001
China,CHN,2020,7.64288
Colombia,COL,2004,7.02219
Colombia,COL,2005,7.26156
Colombia,COL,2006,6.80261
Colombia,COL,2007,7.20921
Colombia,COL,2008,7.33664
Colombia,COL,2009,7.30249
Colombia,COL,2010,7.44009
Colombia,COL,2011,7.57815
Colombia,COL,2012,7.68913
Colombia,COL,2013,7.93694
Colombia,COL,2014,8.10633
Colombia,COL,2015,8.15599
Colombia,COL,2016,8.35217
Colombia,COL,2018,8.65978
Colombia,COL,2019,8.80983
Colombia,COL,2020,9.01633
Comoros,COM,2022,5.16355
Congo,COG,1984,1.99987
Congo,COG,2015,7.11308
Cook Islands,COK,1971,5.3918
Cook Islands,COK,2006,9.82195
Costa Rica,CRI,1973,4.48671
Costa Rica,CRI,2007,7.98893
Costa Rica,CRI,2008,8.2845
Costa Rica,CRI,2009,8.33578
Costa Rica,CRI,2010,8.25005
Costa Rica,CRI,2011,8.37195
Costa Rica,CRI,2012,8.43339
Costa Rica,CRI,2014,8.74464
Costa Rica,CRI,2015,8.66788
Costa Rica,CRI,2016,8.64084
Costa Rica,CRI,2018,8.83474
Costa Rica,CRI,2020,8.89239
Cote d'Ivoire,CIV,1988,4.83656
Cote d'Ivoire,CIV,1998,5.67248
Cote d'Ivoire,CIV,2014,4.10312
Cote d'Ivoire,CIV,2016,2.79143
Cote d'Ivoire,CIV,2021,2.97936
Croatia,HRV,1991,5.82662
Croatia,HRV,2001,9.14718
Croatia,HRV,2011,10.63197
Cuba,CUB,2002,10.02295
Cuba,CUB,2012,11.48556
Cuba,CUB,2019,10.75033
Curacao,CUW,2020,11.9995
Cyprus,CYP,1992,7.91652
Cyprus,CYP,2004,10.12816
Cyprus,CYP,2005,10.35309
Cyprus,CYP,2006,10.63369
Cyprus,CYP,2007,10.8621
Cyprus,CYP,2008,10.96083
Cyprus,CYP,2009,10.9292
Cyprus,CYP,2010,11.11723
Cyprus,CYP,2011,11.32223
Cyprus,CYP,2012,11.59342
Cyprus,CYP,2013,11.66179
Cyprus,CYP,2014,11.74787
Cyprus,CYP,2015,11.72897
Cyprus,CYP,2016,11.99377
Cyprus,CYP,2018,12.23802
Cyprus,CYP,2020,12.41041
Czechia,CZE,1991,8.19801
Czechia,CZE,2006,11.75255
Czechia,CZE,2007,11.77938
Czechia,CZE,2008,11.84907
Czechia,CZE,2009,11.97356
Czechia,CZE,2010,12.06735
Czechia,CZE,2011,12.17617
Czechia,CZE,2012,12.26041
Czechia,CZE,2013,12.35463
Czechia,CZE,2014,12.39958
Czechia,CZE,2015,12.4673
Czechia,CZE,2016,12.53198
Czechia,CZE,2017,12.59303
Czechia,CZE,2019,12.71215
Democratic Republic of Congo,COD,1984,1.65371
Democratic Republic of Congo,COD,2013,4.4458
Democratic Republic of Congo,COD,2016,5.27476
Democratic Republic of Congo,COD,2018,5.52272
Denmark,DNK,1991,11.31771
Denmark,DNK,1994,11.39933
Denmark,DNK,1995,11.50308
Denmark,DNK,2003,13.02505
Denmark,DNK,2004,13.05692
Denmark,DNK,2007,12.68787
Denmark,DNK,2008,12.94358
Denmark,DNK,2009,12.68443
Denmark,DNK,2010,12.42682
Denmark,DNK,2011,12.52263
Denmark,DNK,2012,12.82083
Denmark,DNK,2013,12.89598
Denmark,DNK,2014,12.21434
Denmark,DNK,2015,12.78383
Denmark,DNK,2016,13.32217
Denmark,DNK,2018,13.08185
Denmark,DNK,2020,13.15695
Djibouti,DJI,2017,2.46048
Dominica,DMA,1970,5.15125
Dominica,DMA,1981,5.61563
Dominica,DMA,2001,7.87724
Dominican Republic,DOM,1970,2.66113
Dominican Republic,DOM,2007,7.37821
Dominican Republic,DOM,2010,7.42206
Dominican Republic,DOM,2011,7.52847
Dominican Republic,DOM,2012,7.67319
Dominican Republic,DOM,2013,7.73111
Dominican Republic,DOM,2014,7.8838
Dominican Republic,DOM,2015,8.01948
Dominican Republic,DOM,2016,9.30718
Dominican Republic,DOM,2019,9.24377
East Timor,TLS,2010,4.6533
East Timor,TLS,2016,4.57482
Ecuador,ECU,1974,3.96175
Ecuador,ECU,1982,5.06403
Ecuador,ECU,1990,6.38139
Ecuador,ECU,2007,7.56265
Ecuador,ECU,2008,7.59871
Ecuador,ECU,2009,7.60636
Ecuador,ECU,2010,7.70854
Ecuador,ECU,2011,7.7725
Ecuador,ECU,2012,7.97363
Ecuador,ECU,2013,8.18205
Ecuador,ECU,2014,8.268
Ecuador,ECU,2015,8.62926
Ecuador,ECU,2016,8.63862
Ecuador,ECU,2017,8.71333
Ecuador,ECU,2020,8.80006
Ecuador,ECU,2021,9.14154
Ecuador,ECU,2022,8.92013
Egypt,EGY,1986,1.7336
Egypt,EGY,1996,5.90567
Egypt,EGY,2006,5.20312
Egypt,EGY,2017,9.00173
El Salvador,SLV,1992,3.73419
El Salvador,SLV,2006,4.61353
El Salvador,SLV,2007,5.33168
El Salvador,SLV,2008,5.6649
El Salvador,SLV,2009,5.83382
El Salvador,SLV,2010,6.07355
El Salvador,SLV,2011,5.88667
El Salvador,SLV,2012,6.01937
El Salvador,SLV,2013,6.11877
El Salvador,SLV,2016,6.39451
El Salvador,SLV,2017,6.5067
El Salvador,SLV,2019,6.74205
El Salvador,SLV,2020,6.76928
Estonia,EST,1989,9.44957
Estonia,EST,2000,12.25328
Estonia,EST,2006,13.4221
Estonia,EST,2007,13.4544
Estonia,EST,2008,13.53604
Estonia,EST,2009,13.67986
Estonia,EST,2010,13.69906
Estonia,EST,2011,13.75598
Estonia,EST,2012,13.78359
Estonia,EST,2013,13.92437
Estonia,EST,2014,13.92652
Estonia,EST,2015,13.95766
Estonia,EST,2016,13.94909
Estonia,EST,2017,14.00974
Estonia,EST,2018,14.1368
Estonia,EST,2020,13.78102
Eswatini,SWZ,1976,2.51392
Eswatini,SWZ,1986,4.77745
Ethiopia,ETH,2007,1.2466
Ethiopia,ETH,2011,1.27942
Ethiopia,ETH,2016,1.53824
Ethiopia,ETH,2019,1.62974
Fiji,FJI,1976,3.63839
Fiji,FJI,1986,5.39643
Fiji,FJI,1996,7.39908
Fiji,FJI,2007,9.2168
Fiji,FJI,2017,10.69185
Fiji,FJI,2021,10.43344
Finland,FIN,1985,8.5803
Finland,FIN,1990,8.97236
Finland,FIN,2003,12.10364
Finland,FIN,2005,12.21542
Finland,FIN,2006,12.27477
Finland,FIN,2007,12.32908
Finland,FIN,2008,12.39402
Finland,FIN,2009,12.44549
Finland,FIN,2010,12.49858
Finland,FIN,2011,12.54961
Finland,FIN,2012,12.58654
Finland,FIN,2013,12.65883
Finland,FIN,2014,12.71976
Finland,FIN,2015,12.76676
Finland,FIN,2017,12.8934
Finland,FIN,2019,13.04684
France,FRA,1990,7.23349
France,FRA,2004,9.94612
France,FRA,2005,10.03041
France,FRA,2007,10.31522
France,FRA,2008,10.41182
France,FRA,2009,10.50063
France,FRA,2010,10.52663
France,FRA,2011,10.6138
France,FRA,2012,10.70963
France,FRA,2013,10.84116
France,FRA,2014,10.98081
France,FRA,2015,11.12283
France,FRA,2016,11.13119
France,FRA,2017,11.2073
France,FRA,2019,11.43722
French Polynesia,PYF,2007,10.17109
Gambia,GMB,1973,0.26732
Gambia,GMB,2018,3.21515
Gambia,GMB,2020,3.67225
Georgia,GEO,2002,11.77623
Georgia,GEO,2012,12.41482
Georgia,GEO,2014,12.59527
Georgia,GEO,2016,12.82761
Georgia,GEO,2017,12.89694
Georgia,GEO,2018,13.36542
Georgia,GEO,2019,12.86532
Georgia,GEO,2022,12.76207
Germany,DEU,2004,13.30329
Germany,DEU,2005,13.2004
Germany,DEU,2006,13.09623
Germany,DEU,2007,13.18692
Germany,DEU,2008,13.26114
Germany,DEU,2009,13.34796
Germany,DEU,2010,13.38275
Germany,DEU,2011,13.4994
Germany,DEU,2012,13.5626
Germany,DEU,2013,13.62052
Germany,DEU,2014,13.63171
Germany,DEU,2015,13.6984
Germany,DEU,2016,13.76716
Germany,DEU,2018,13.8036
Germany,DEU,2020,13.9903
Ghana,GHA,1970,0.9764
Ghana,GHA,2010,6.57172
Ghana,GHA,2017,5.16285
Greece,GRC,1981,5.81863
Greece,GRC,2005,9.33917
Greece,GRC,2006,9.79032
Greece,GRC,2007,9.65195
Greece,GRC,2008,9.71101
Greece,GRC,2010,9.87769
Greece,GRC,2014,10.30838
Greece,GRC,2015,10.49844
Greece,GRC,2016,9.95848
Greece,GRC,2020,11.09686
Greenland,GRL,2009,10.52145
Greenland,GRL,2012,10.82709
Greenland,GRL,2014,10.88293
Greenland,GRL,2015,10.93303
Greenland,GRL,2018,11.09171
Greenland,GRL,2019,11.08506
Grenada,GRD,1970,5.46336
Grenada,GRD,1981,5.70498
Guadeloupe,GLP,1982,5.68919
Guam,GUM,1970,8.94671
Guam,GUM,1980,10.49055
Guam,GUM,1990,11.55417
Guatemala,GTM,1973,1.35416
Guatemala,GTM,2002,3.40897
Guatemala,GTM,2006,3.18951
Guatemala,GTM,2012,4.25237
Guatemala,GTM,2013,4.44906
Guatemala,GTM,2014,5.53313
Guatemala,GTM,2015,4.43415
Guatemala,GTM,2019,5.23528
Guinea,GIN,1996,0.69283
Guinea,GIN,2010,0.69595
Guinea,GIN,2014,1.0341
Guinea,GIN,2016,1.66088
Guinea,GIN,2018,1.22788
Guyana,GUY,1970,4.24381
Guyana,GUY,1980,4.97171
Guyana,GUY,2002,6.1964
Guyana,GUY,2019,8.6431
Haiti,HTI,1971,0.64923
Haiti,HTI,1982,1.15901
Haiti,HTI,2017,4.77153
Honduras,HND,1974,1.92953
Honduras,HND,2007,4.97233
Honduras,HND,2011,5.61736
Honduras,HND,2012,5.55883
Honduras,HND,2014,6.24146
Honduras,HND,2015,6.40407
Honduras,HND,2016,6.55739
Honduras,HND,2018,6.38242
Honduras,HND,2019,6.75691
Hong Kong,HKG,1971,3.42365
Hong Kong,HKG,1976,4.16593
Hong Kong,HKG,1981,5.41252
Hong Kong,HKG,1986,6.49596
Hong Kong,HKG,1991,7.98119
Hong Kong,HKG,1996,9.09504
Hong Kong,HKG,2006,10.49038
Hong Kong,HKG,2008,10.73635
Hong Kong,HKG,2009,10.84461
Hong Kong,HKG,2010,10.96669
Hong Kong,HKG,2011,11.1744
Hong Kong,HKG,2014,11.47914
Hong Kong,HKG,2015,11.61841
Hong Kong,HKG,2017,11.77679
Hong Kong,HKG,2019,11.8457
Hong Kong,HKG,2022,11.99598
Hungary,HUN,1970,7.45166
Hungary,HUN,1980,8.4239
Hungary,HUN,1990,9.09984
Hungary,HUN,2001,9.788
Hungary,HUN,2005,10.42893
Hungary,HUN,2009,11.65157
Hungary,HUN,2010,11.73375
Hungary,HUN,2011,11.79158
Hungary,HUN,2012,11.71863
Hungary,HUN,2013,11.89139
Hungary,HUN,2014,11.54996
Hungary,HUN,2015,11.63818
Hungary,HUN,2016,11.68114
Hungary,HUN,2020,12.09699
Iceland,ISL,2005,12.26079
Iceland,ISL,2019,13.88197
Iceland,ISL,2020,13.86953
India,IND,1971,0.56157
India,IND,1981,1.08966
India,IND,2011,4.04536
India,IND,2016,4.44385
India,IND,2018,5.04163
India,IND,2019,5.0297
India,IND,2020,5.37007
India,IND,2022,5.52944
Indonesia,IDN,1971,1.47953
Indonesia,IDN,1980,2.28655
Indonesia,IDN,1990,2.45972
Indonesia,IDN,2006,7.04032
Indonesia,IDN,2007,6.3911
Indonesia,IDN,2008,6.50773
Indonesia,IDN,2009,6.75538
Indonesia,IDN,2011,7.00299
Indonesia,IDN,2014,7.32657
Indonesia,IDN,2015,7.45162
Indonesia,IDN,2016,7.56848
Indonesia,IDN,2017,7.77642
Indonesia,IDN,2018,7.75852
Indonesia,IDN,2020,8.20693
Iran,IRN,2006,9.59979
Iran,IRN,2008,9.19567
Iran,IRN,2010,9.59219
Iran,IRN,2012,9.72618
Iran,IRN,2013,9.91999
Iran,IRN,2014,10.01517
Iran,IRN,2016,10.24779
Iraq,IRQ,2013,7.08324
Iraq,IRQ,2018,5.44395
Ireland,IRL,1971,7.56223
Ireland,IRL,1981,8.33874
Ireland,IRL,1991,9.3116
Ireland,IRL,2006,11.58351
Ireland,IRL,2007,11.53444
Ireland,IRL,2010,11.6993
Ireland,IRL,2011,11.17216
Ireland,IRL,2017,11.62877
Israel,ISR,1972,6.77876
Israel,ISR,1982,8.48762
Israel,ISR,1983,7.07025
Israel,ISR,2004,9.96218
Israel,ISR,2006,11.73484
Israel,ISR,2007,12.34114
Israel,ISR,2009,12.43781
Israel,ISR,2010,12.45527
Israel,ISR,2011,12.55253
Israel,ISR,2012,12.65893
Israel,ISR,2013,12.78441
Israel,ISR,2014,12.91329
Israel,ISR,2015,12.9625
Italy,ITA,1971,4.79256
Italy,ITA,1981,4.97252
Italy,ITA,2001,8.50775
Italy,ITA,2005,8.91322
Italy,ITA,2006,9.04672
Italy,ITA,2007,9.21753
Italy,ITA,2008,9.35855
Italy,ITA,2009,9.44336
Italy,ITA,2010,9.54434
Italy,ITA,2011,9.64188
Italy,ITA,2012,9.79178
Italy,ITA,2014,10.00465
Italy,ITA,2015,10.10774
Italy,ITA,2020,10.60561
Jamaica,JAM,1970,4.11661
Jamaica,JAM,1982,4.82803
Jamaica,JAM,1991,6.85425
Jamaica,JAM,2011,8.87314
Japan,JPN,1970,8.67662
Japan,JPN,1980,9.80895
Japan,JPN,1990,11.34075
Japan,JPN,2010,12.20829
Japan,JPN,2020,12.35203
Jordan,JOR,2003,7.48546
Jordan,JOR,2008,8.92335
Jordan,JOR,2010,8.98076
Jordan,JOR,2017,10.36155
Jordan,JOR,2018,10.0112
Jordan,JOR,2020,10.07158
Kazakhstan,KAZ,1989,7.01615
Kazakhstan,KAZ,1999,9.36268
Kazakhstan,KAZ,2007,11.65119
Kazakhstan,KAZ,2009,11.02618
Kazakhstan,KAZ,2015,12.052
Kazakhstan,KAZ,2018,12.23838
Kenya,KEN,1979,1.5134
Kenya,KEN,2009,5.57512
Kenya,KEN,2010,5.28337
Kenya,KEN,2019,7.27191
Kenya,KEN,2020,7.1096
Kenya,KEN,2022,7.99832
Kiribati,KIR,1978,5.26133
Kiribati,KIR,2018,9.09419
Kuwait,KWT,1970,1.97843
Kuwait,KWT,1975,3.74454
Kuwait,KWT,1980,4.88668
Kuwait,KWT,1985,6.23783
Kuwait,KWT,1988,5.09144
Kuwait,KWT,2005,6.5433
Kuwait,KWT,2006,6.68794
Kuwait,KWT,2007,6.68435
Kuwait,KWT,2008,7.0267
Kuwait,KWT,2012,7.39496
Kuwait,KWT,2013,7.2804
Kuwait,KWT,2015,7.6276
Kuwait,KWT,2017,7.8916
Kuwait,KWT,2018,7.97614
Kyrgyzstan,KGZ,1999,10.18816
Kyrgyzstan,KGZ,2009,10.93202
Kyrgyzstan,KGZ,2018,11.70635
Laos,LAO,2017,4.61018
Latvia,LVA,1989,7.96183
Latvia,LVA,2004,12.25722
Latvia,LVA,2005,12.42493
Latvia,LVA,2006,12.56677
Latvia,LVA,2007,12.37106
Latvia,LVA,2008,12.58559
Latvia,LVA,2009,12.72792
Latvia,LVA,2010,12.81678
Latvia,LVA,2011,12.88087
Latvia,LVA,2012,12.98854
Latvia,LVA,2013,13.10932
Latvia,LVA,2014,13.17406
Latvia,LVA,2015,13.22721
Latvia,LVA,2016,13.2843
Latvia,LVA,2018,13.52008
Latvia,LVA,2019,13.56833
Lebanon,LBN,1970,2.22487
Lebanon,LBN,2007,7.76037
Lebanon,LBN,2018,13.05254
Lesotho,LSO,1976,3.29953
Lesotho,LSO,2006,6.39465
Lesotho,LSO,2008,6.08142
Lesotho,LSO,2018,7.81317
Liberia,LBR,1974,0.53896
Liberia,LBR,2016,2.89923
Libya,LBY,1984,1.8848
Liechtenstein,LIE,1970,4.9217
Liechtenstein,LIE,2000,10.67391
Lithuania,LTU,1989,9.18855
Lithuania,LTU,2005,11.68006
Lithuania,LTU,2006,11.90336
Lithuania,LTU,2007,12.02876
Lithuania,LTU,2008,12.1901
Lithuania,LTU,2009,12.25753
Lithuania,LTU,2010,12.41851
Lithuania,LTU,2011,12.53085
Lithuania,LTU,2012,12.53839
Lithuania,LTU,2013,12.56436
Lithuania,LTU,2014,12.79855
Lithuania,LTU,2015,12.9639
Lithuania,LTU,2016,13.15966
Lithuania,LTU,2017,13.25319
Lithuania,LTU,2020,13.58352
Luxembourg,LUX,1991,8.54508
Luxembourg,LUX,2001,10.85019
Luxembourg,LUX,2003,10.70322
Luxembourg,LUX,2007,11.26397
Luxembourg,LUX,2009,12.40609
Luxembourg,LUX,2010,12.4365
Luxembourg,LUX,2011,12.52077
Luxembourg,LUX,2012,12.65608
Luxembourg,LUX,2013,12.93715
Luxembourg,LUX,2014,13.0898
Luxembourg,LUX,2015,12.41166
Macao,MAC,1970,3.69924
Macao,MAC,1991,6.59343
Macao,MAC,2001,7.57403
Macao,MAC,2006,8.40833
Macao,MAC,2011,9.43326
Macao,MAC,2016,10.2737
Madagascar,MDG,2018,4.84905
Madagascar,MDG,2021,4.29235
Malawi,MWI,1977,1.05213
Malawi,MWI,1987,1.12107
Malawi,MWI,1998,1.87138
Malawi,MWI,2015,4.3016
Malawi,MWI,2020,4.29215
Malaysia,MYS,1980,3.05959
Malaysia,MYS,1996,6.50036
Malaysia,MYS,2000,7.92034
Malaysia,MYS,2005,7.14834
Malaysia,MYS,2009,9.2509
Malaysia,MYS,2010,9.41529
Malaysia,MYS,2016,10.26401
Malaysia,MYS,2019,10.56864
Malaysia,MYS,2022,10.97695
Maldives,MDV,2006,3.52903
Maldives,MDV,2017,6.78872
Mali,MLI,1976,0.08826
Mali,MLI,2006,1.52605
Mali,MLI,2011,1.4881
Mali,MLI,2015,1.52126
Mali,MLI,2016,1.01205
Mali,MLI,2018,1.23512
Mali,MLI,2019,1.39846
Mali,MLI,2020,1.13596
Malta,MLT,2000,6.77302
Malta,MLT,2005,9.34128
Malta,MLT,2007,9.43504
Malta,MLT,2010,9.91761
Malta,MLT,2011,10.03806
Malta,MLT,2012,10.40439
Malta,MLT,2013,10.67559
Malta,MLT,2014,10.78795
Malta,MLT,2015,10.90243
Malta,MLT,2016,11.01704
Malta,MLT,2018,11.57716
Malta,MLT,2020,12.00042
Marshall Islands,MHL,2011,10.70687
Mauritania,MRT,1988,1.82095
Mauritania,MRT,2013,3.67082
Mauritania,MRT,2015,3.41724
Mauritius,MUS,1972,2.70962
Mauritius,MUS,1983,4.05403
Mauritius,MUS,1990,4.92003
Mauritius,MUS,2000,5.60844
Mauritius,MUS,2011,7.96792
Mexico,MEX,1980,3.65171
Mexico,MEX,1990,5.51722
Mexico,MEX,2000,6.26471
Mexico,MEX,2004,6.90359
Mexico,MEX,2005,7.19923
Mexico,MEX,2006,7.50131
Mexico,MEX,2007,7.52818
Mexico,MEX,2008,7.61125
Mexico,MEX,2009,7.80543
Mexico,MEX,2010,7.78967
Mexico,MEX,2012,8.2012
Mexico,MEX,2013,8.14673
Mexico,MEX,2014,8.22329
Mexico,MEX,2015,8.40752
Mexico,MEX,2016,8.42213
Mexico,MEX,2017,8.57624
Mexico,MEX,2018,8.77634
Mexico,MEX,2020,9.09667
Moldova,MDA,1989,7.6634
Moldova,MDA,2007,11.168
Moldova,MDA,2008,11.2832
Moldova,MDA,2009,11.41333
Moldova,MDA,2010,11.43325
Moldova,MDA,2011,11.49682
Moldova,MDA,2012,11.53037
Moldova,MDA,2013,11.60579
Moldova,MDA,2014,11.71566
Moldova,MDA,2015,11.76391
Moldova,MDA,2018,11.84919
Moldova,MDA,2019,11.82262
Moldova,MDA,2020,11.85829
Moldova,MDA,2021,11.88837
Moldova,MDA,2022,11.90223
Monaco,MCO,1975,8.01885
Mongolia,MNG,2000,8.95535
Mongolia,MNG,2010,10.32138
Mongolia,MNG,2018,11.41786
Mongolia,MNG,2020,9.94959
Montenegro,MNE,2003,9.59139
Montenegro,MNE,2011,10.64763
Montenegro,MNE,2018,11.74171
Montserrat,MSR,1970,6.29954
Montserrat,MSR,1980,6.84887
Mozambique,MOZ,1980,0.24375
Mozambique,MOZ,2009,1.73408
Mozambique,MOZ,2011,1.97503
Mozambique,MOZ,2015,2.68746
Mozambique,MOZ,2017,2.34067
Mozambique,MOZ,2020,3.22876
Myanmar,MMR,1973,0.96475
Myanmar,MMR,1983,2.18581
Myanmar,MMR,2016,4.58454
Myanmar,MMR,2019,6.09456
Namibia,NAM,1991,5.6106
Namibia,NAM,2001,5.67268
Nepal,NPL,1971,0.03679
Nepal,NPL,1981,0.22432
Nepal,NPL,2001,1.57574
Nepal,NPL,2011,2.3246
Nepal,NPL,2016,2.60155
Nepal,NPL,2019,3.24647
Nepal,NPL,2021,3.47218
Netherlands,NLD,1971,7.2537
Netherlands,NLD,2004,11.37508
Netherlands,NLD,2005,11.37842
Netherlands,NLD,2007,11.6282
Netherlands,NLD,2008,11.55582
Netherlands,NLD,2009,11.60715
Netherlands,NLD,2010,11.62748
Netherlands,NLD,2011,11.64255
Netherlands,NLD,2012,11.7073
Netherlands,NLD,2013,11.72552
Netherlands,NLD,2014,11.76495
Netherlands,NLD,2015,11.82179
Netherlands,NLD,2016,11.90139
Netherlands,NLD,2018,12.08118
Netherlands,NLD,2020,12.35273
New Zealand,NZL,1981,9.44482
New Zealand,NZL,1991,9.97721
New Zealand,NZL,2001,13.03891
New Zealand,NZL,2006,13.29444
New Zealand,NZL,2011,13.33059
New Zealand,NZL,2012,13.33692
New Zealand,NZL,2014,13.17003
New Zealand,NZL,2015,13.15022
New Zealand,NZL,2016,13.26631
New Zealand,NZL,2020,12.93588
Niger,NER,1977,0.10013
Niger,NER,2012,1.14458
Niger,NER,2018,0.86577
Nigeria,NGA,2006,7.29592
Nigeria,NGA,2016,5.64515
Nigeria,NGA,2018,5.85416
Nigeria,NGA,2019,5.85736
Nigeria,NGA,2021,6.55647
Niue,NIU,1976,5.17526
North Macedonia,MKD,2002,6.38719
North Macedonia,MKD,2018,11.19892
North Macedonia,MKD,2020,9.65364
Norway,NOR,1970,8.65698
Norway,NOR,1975,8.84501
Norway,NOR,1980,9.19704
Norway,NOR,1990,10.94136
Norway,NOR,2004,12.16076
Norway,NOR,2005,12.21987
Norway,NOR,2006,12.33581
Norway,NOR,2007,12.39357
Norway,NOR,2008,12.49828
Norway,NOR,2009,12.52209
Norway,NOR,2010,12.58306
Norway,NOR,2011,12.65525
Norway,NOR,2014,12.76653
Norway,NOR,2015,12.83644
Norway,NOR,2016,12.90172
Norway,NOR,2017,13.04715
Norway,NOR,2019,13.13508
Oman,OMN,2003,5.25273
Oman,OMN,2008,6.97238
Oman,OMN,2010,7.54673
Oman,OMN,2015,10.56934
Oman,OMN,2020,12.27151
Oman,OMN,2022,12.27042
Pakistan,PAK,1972,0.6305
Pakistan,PAK,1981,0.72786
Pakistan,PAK,2005,1.49105
Pakistan,PAK,2006,2.91511
Pakistan,PAK,2008,2.88189
Pakistan,PAK,2009,2.8771
Pakistan,PAK,2010,2.97381
Pakistan,PAK,2011,3.106
Pakistan,PAK,2012,3.43515
Pakistan,PAK,2013,3.54202
Pakistan,PAK,2014,3.76286
Pakistan,PAK,2017,3.9023
Pakistan,PAK,2018,3.61991
Pakistan,PAK,2019,3.8965
Palau,PLW,2013,12.85082
Palestine,PSE,2004,6.5907
Palestine,PSE,2006,6.94977
Palestine,PSE,2007,7.1796
Palestine,PSE,2008,7.35745
Palestine,PSE,2009,7.64759
Palestine,PSE,2010,7.76777
Palestine,PSE,2011,8.00257
Palestine,PSE,2012,8.36969
Palestine,PSE,2013,8.48472
Palestine,PSE,2014,8.54578
Palestine,PSE,2015,8.77755
Palestine,PSE,2016,8.94126
Palestine,PSE,2017,9.12668
Palestine,PSE,2018,9.41896
Palestine,PSE,2019,10.64332
Palestine,PSE,2020,9.91646
Palestine,PSE,2022,10.22461
Panama,PAN,1980,5.91275
Panama,PAN,1990,7.47822
Panama,PAN,2000,8.00907
Panama,PAN,2010,9.49826
Panama,PAN,2019,10.79375
Papua New Guinea,PNG,2018,4.09359
Paraguay,PRY,1972,3.37384
Paraguay,PRY,1982,4.35878
Paraguay,PRY,1992,5.64484
Paraguay,PRY,2003,6.92453
Paraguay,PRY,2005,7.17578
Paraguay,PRY,2006,6.88096
Paraguay,PRY,2007,6.99048
Paraguay,PRY,2008,7.28386
Paraguay,PRY,2009,6.69957
Paraguay,PRY,2012,7.76132
Paraguay,PRY,2013,8.31443
Paraguay,PRY,2014,8.23969
Paraguay,PRY,2015,8.51533
Paraguay,PRY,2016,8.37755
Paraguay,PRY,2018,8.59277
Paraguay,PRY,2019,8.80889
Paraguay,PRY,2020,8.85623
Peru,PER,1972,3.119
Peru,PER,1981,5.00547
Peru,PER,1993,7.11706
Peru,PER,2004,8.17663
Peru,PER,2005,7.3903
Peru,PER,2006,7.27594
Peru,PER,2007,7.5099
Peru,PER,2008,7.51079
Peru,PER,2009,7.53578
Peru,PER,2010,8.19958
Peru,PER,2011,8.30563
Peru,PER,2012,8.52141
Peru,PER,2013,8.61861
Peru,PER,2014,8.52601
Peru,PER,2015,8.59832
Peru,PER,2018,9.20298
Philippines,PHL,1970,4.55219
Philippines,PHL,1975,5.24557
Philippines,PHL,1980,5.91998
Philippines,PHL,1990,7.0771
Philippines,PHL,2000,7.60157
Philippines,PHL,2004,8.81754
Philippines,PHL,2008,8.85197
Philippines,PHL,2010,9.03472
Philippines,PHL,2013,9.31361
Philippines,PHL,2017,8.4537
Philippines,PHL,2019,9.23272
Philippines,PHL,2020,9.12285
Philippines,PHL,2022,10.16686
Poland,POL,1970,6.09512
Poland,POL,1978,7.32052
Poland,POL,1988,8.67191
Poland,POL,2002,11.24906
Poland,POL,2008,12.09387
Poland,POL,2009,12.30233
Poland,POL,2010,12.29597
Poland,POL,2011,12.55772
Poland,POL,2012,12.78935
Poland,POL,2013,12.80894
Poland,POL,2014,12.8828
Poland,POL,2016,13.1236
Poland,POL,2020,13.34003
Portugal,PRT,1970,2.62642
Portugal,PRT,1981,3.80278
Portugal,PRT,1991,5.1092
Portugal,PRT,1998,6.45974
Portugal,PRT,1999,6.50617
Portugal,PRT,2000,6.61218
Portugal,PRT,2001,6.7053
Portugal,PRT,2002,6.82829
Portugal,PRT,2003,7.0369
Portugal,PRT,2004,7.28191
Portugal,PRT,2005,7.39471
Portugal,PRT,2006,7.53045
Portugal,PRT,2007,7.61838
Portugal,PRT,2008,7.73595
Portugal,PRT,2009,7.89042
Portugal,PRT,2010,8.06424
Portugal,PRT,2011,8.26221
Portugal,PRT,2012,8.48934
Portugal,PRT,2013,8.67434
Portugal,PRT,2014,8.90741
Portugal,PRT,2015,9.01545
Portugal,PRT,2016,9.15138
Portugal,PRT,2017,9.27644
Portugal,PRT,2018,9.22299
Portugal,PRT,2019,9.36377
Portugal,PRT,2020,9.60756
Puerto Rico,PRI,1970,6.36942
Puerto Rico,PRI,1980,8.4864
Puerto Rico,PRI,1990,9.31687
Puerto Rico,PRI,2000,11.22847
Puerto Rico,PRI,2005,11.68122
Puerto Rico,PRI,2006,11.66548
Puerto Rico,PRI,2007,11.85241
Puerto Rico,PRI,2008,11.92649
Puerto Rico,PRI,2011,12.27511
Puerto Rico,PRI,2012,12.52881
Puerto Rico,PRI,2017,13.17193
Qatar,QAT,1986,5.15894
Qatar,QAT,2004,9.14417
Qatar,QAT,2007,10.1506
Qatar,QAT,2008,10.36431
Qatar,QAT,2009,10.53732
Qatar,QAT,2010,10.03819
Qatar,QAT,2011,9.86093
Qatar,QAT,2012,10.44945
Qatar,QAT,2013,10.67131
Qatar,QAT,2014,10.90539
Qatar,QAT,2016,11.07903
Qatar,QAT,2017,11.27166
Qatar,QAT,2022,12.73331
Romania,ROU,1992,7.95279
Romania,ROU,2002,9.02782
Romania,ROU,2007,10.06026
Romania,ROU,2008,10.18836
Romania,ROU,2009,10.2461
Romania,ROU,2010,10.29038
Romania,ROU,2011,10.43975
Romania,ROU,2012,10.5669
Romania,ROU,2013,10.65546
Romania,ROU,2014,10.49645
Romania,ROU,2015,10.61963
Romania,ROU,2016,10.73277
Romania,ROU,2017,10.83305
Romania,ROU,2019,10.98982
Romania,ROU,2020,11.10198
Romania,ROU,2021,11.18158
Romania,ROU,2022,11.30289
Russia,RUS,1989,7.49242
Russia,RUS,2002,12.38875
Russia,RUS,2010,12.35324
Russia,RUS,2021,12.4822
Rwanda,RWA,1978,0.48075
Rwanda,RWA,2012,3.2598
Rwanda,RWA,2014,3.5802
Rwanda,RWA,2015,3.65209
Rwanda,RWA,2018,3.92211
Rwanda,RWA,2020,4.52207
Rwanda,RWA,2022,4.49392
Saint Kitts and Nevis,KNA,1970,6.52187
Saint Kitts and Nevis,KNA,1980,8.11516
Saint Lucia,LCA,1970,4.10559
Saint Lucia,LCA,1980,4.87757
Saint Lucia,LCA,1991,6.72195
Saint Lucia,LCA,2010,8.64659
Saint Lucia,LCA,2013,8.60739
Saint Lucia,LCA,2019,8.80456
Saint Vincent and the Grenadines,VCT,1970,5.3337
Saint Vincent and the Grenadines,VCT,2017,10.92371
Samoa,WSM,1971,5.71002
Samoa,WSM,1976,5.24346
Samoa,WSM,1981,6.55734
Samoa,WSM,2001,11.03549
Samoa,WSM,2011,11.81394
Samoa,WSM,2019,11.77302
San Marino,SMR,2018,10.89808
San Marino,SMR,2020,11.3724
San Marino,SMR,2022,11.33787
Sao Tome and Principe,STP,1981,0.96646
Sao Tome and Principe,STP,2012,4.66931
Sao Tome and Principe,STP,2019,5.19484
Saudi Arabia,SAU,2000,5.11213
Saudi Arabia,SAU,2004,6.69371
Saudi Arabia,SAU,2013,9.00367
Saudi Arabia,SAU,2017,9.74746
Saudi Arabia,SAU,2020,10.73622
Senegal,SEN,2006,1.05189
Senegal,SEN,2011,1.77646
Senegal,SEN,2013,2.12168
Senegal,SEN,2015,1.94609
Senegal,SEN,2016,2.30153
Senegal,SEN,2017,1.66489
Senegal,SEN,2018,2.37442
Senegal,SEN,2019,2.23996
Serbia,SRB,2002,6.87382
Serbia,SRB,2008,9.59154
Serbia,SRB,2009,9.69155
Serbia,SRB,2010,9.75981
Serbia,SRB,2011,10.04681
Serbia,SRB,2013,10.05881
Serbia,SRB,2014,10.20312
Serbia,SRB,2015,10.57633
Serbia,SRB,2016,10.71154
Serbia,SRB,2017,10.75746
Serbia,SRB,2019,11.01639
Seychelles,SYC,1971,4.1493
Seychelles,SYC,2002,10.20401
Sierra Leone,SLE,2004,2.00626
Sierra Leone,SLE,2017,2.31287
Sierra Leone,SLE,2019,2.39488
Singapore,SGP,1980,2.74831
Singapore,SGP,1990,6.08548
Singapore,SGP,1995,7.1377
Singapore,SGP,2005,10.08525
Singapore,SGP,2006,9.99641
Singapore,SGP,2007,10.11681
Singapore,SGP,2008,10.37377
Singapore,SGP,2009,10.38456
Singapore,SGP,2010,10.76575
Singapore,SGP,2011,10.8305
Singapore,SGP,2012,10.84916
Singapore,SGP,2013,10.97438
Singapore,SGP,2014,11.06545
Singapore,SGP,2015,11.18641
Singapore,SGP,2016,11.19545
Singapore,SGP,2017,11.16557
Singapore,SGP,2018,11.34617
Singapore,SGP,2019,11.52063
Singapore,SGP,2020,11.62706
Singapore,SGP,2021,12.5327
Singapore,SGP,2022,12.44894
Slovakia,SVK,1991,6.40647
Slovakia,SVK,2001,10.19124
Slovakia,SVK,2011,12.3112
Slovakia,SVK,2012,12.20839
Slovakia,SVK,2013,12.27066
Slovakia,SVK,2014,12.28632
Slovakia,SVK,2015,12.51689
Slovakia,SVK,2016,12.61959
Slovakia,SVK,2017,12.69152
Slovakia,SVK,2018,12.81052
Slovakia,SVK,2019,12.868
Slovenia,SVN,1991,6.80101
Slovenia,SVN,2004,11.56023
Slovenia,SVN,2005,11.39687
Slovenia,SVN,2006,11.5939
Slovenia,SVN,2007,11.61897
Slovenia,SVN,2008,11.69731
Slovenia,SVN,2009,11.82357
Slovenia,SVN,2010,11.8653
Slovenia,SVN,2011,12.05236
Slovenia,SVN,2012,12.17417
Slovenia,SVN,2013,12.27886
Slovenia,SVN,2014,12.33583
Slovenia,SVN,2015,12.53324
Slovenia,SVN,2016,12.65279
Slovenia,SVN,2017,12.70942
Slovenia,SVN,2019,12.83347
Somalia,SOM,2022,0.88577
South Africa,ZAF,1970,4.4076
South Africa,ZAF,1985,4.73559
South Africa,ZAF,2001,7.20102
South Africa,ZAF,2002,8.28704
South Africa,ZAF,2003,8.47033
South Africa,ZAF,2004,8.61756
South Africa,ZAF,2005,8.60995
South Africa,ZAF,2006,8.66558
South Africa,ZAF,2007,8.81975
South Africa,ZAF,2008,8.91742
South Africa,ZAF,2009,9.34994
South Africa,ZAF,2010,9.42044
South Africa,ZAF,2011,9.52849
South Africa,ZAF,2012,9.72262
South Africa,ZAF,2014,9.97064
South Africa,ZAF,2015,10.0372
South Africa,ZAF,2016,9.06194
South Africa,ZAF,2017,10.01851
South Africa,ZAF,2019,9.65739
South Africa,ZAF,2020,10.47361
South Africa,ZAF,2021,11.49887
South Korea,KOR,1970,4.0475
South Korea,KOR,1975,5.22669
South Korea,KOR,1980,5.93249
South Korea,KOR,1985,8.16766
South Korea,KOR,1990,8.08427
South Korea,KOR,1995,8.83404
South Korea,KOR,2000,9.64348
South Korea,KOR,2005,10.36445
South Korea,KOR,2009,9.98796
South Korea,KOR,2010,10.86441
South Korea,KOR,2015,11.40683
South Sudan,SSD,2008,4.76217
Spain,ESP,1970,4.25271
Spain,ESP,1981,4.52104
Spain,ESP,1986,4.91825
Spain,ESP,1991,5.62615
Spain,ESP,2004,8.33386
Spain,ESP,2005,8.62642
Spain,ESP,2006,8.74958
Spain,ESP,2007,8.84211
Spain,ESP,2008,8.92647
Spain,ESP,2009,9.01618
Spain,ESP,2010,9.1266
Spain,ESP,2011,9.26335
Spain,ESP,2012,9.3144
Spain,ESP,2014,9.5531
Spain,ESP,2015,9.77008
Spain,ESP,2016,9.89686
Spain,ESP,2018,10.04884
Spain,ESP,2020,10.52787
Sri Lanka,LKA,1971,3.94953
Sri Lanka,LKA,1981,5.26527
Sri Lanka,LKA,2001,9.9563
Sri Lanka,LKA,2008,9.97188
Sri Lanka,LKA,2009,10.06061
Sri Lanka,LKA,2016,10.5001
Sri Lanka,LKA,2017,10.55599
Sri Lanka,LKA,2018,10.6369
Sri Lanka,LKA,2019,10.57142
Sri Lanka,LKA,2020,10.83043
Sri Lanka,LKA,2021,11.12806
Sri Lanka,LKA,2022,11.19196
Sudan,SDN,1983,0.65288
Sudan (former),,1983,0.50045
Suriname,SUR,2004,7.38941
Suriname,SUR,2012,9.06052
Suriname,SUR,2018,8.40818
Sweden,SWE,1970,6.27529
Sweden,SWE,1974,7.03629
Sweden,SWE,1979,8.09745
Sweden,SWE,1986,8.77628
Sweden,SWE,1987,8.94869
Sweden,SWE,1988,9.12388
Sweden,SWE,1989,9.28402
Sweden,SWE,1990,9.52611
Sweden,SWE,1991,9.68273
Sweden,SWE,1992,10.03715
Sweden,SWE,1993,10.25751
Sweden,SWE,1994,10.41949
Sweden,SWE,1995,10.59358
Sweden,SWE,2004,12.35239
Sweden,SWE,2005,12.44298
Sweden,SWE,2006,12.5262
Sweden,SWE,2007,12.60389
Sweden,SWE,2008,12.14762
Sweden,SWE,2009,12.22685
Sweden,SWE,2010,12.30389
Sweden,SWE,2011,12.38124
Sweden,SWE,2012,12.45886
Sweden,SWE,2013,12.30625
Sweden,SWE,2014,12.38226
Sweden,SWE,2015,12.45785
Sweden,SWE,2016,12.53316
Sweden,SWE,2017,12.61744
Sweden,SWE,2019,12.76821
Switzerland,CHE,1980,7.08514
Switzerland,CHE,2009,12.77754
Switzerland,CHE,2010,12.8063
Switzerland,CHE,2011,12.82425
Switzerland,CHE,2012,12.91301
Switzerland,CHE,2014,13.15633
Switzerland,CHE,2015,13.26518
Switzerland,CHE,2016,13.20197
Switzerland,CHE,2018,13.39236
Switzerland,CHE,2019,13.48301
Syria,SYR,1970,0.6433
Syria,SYR,2002,4.16121
Syria,SYR,2007,5.60139
Syria,SYR,2008,5.29455
Syria,SYR,2009,5.58704
Tajikistan,TJK,1989,8.45211
Tajikistan,TJK,2000,10.29589
Tajikistan,TJK,2017,10.84385
Tanzania,TZA,2002,3.6089
Tanzania,TZA,2012,4.87538
Tanzania,TZA,2015,4.82391
Tanzania,TZA,2018,5.03292
Thailand,THA,1970,2.30394
Thailand,THA,1980,3.26195
Thailand,THA,2004,6.91193
Thailand,THA,2006,6.66051
Thailand,THA,2010,7.41854
Thailand,THA,2013,7.67184
Thailand,THA,2016,8.1163
Thailand,THA,2018,8.17591
Thailand,THA,2019,8.56564
Thailand,THA,2022,8.86887
Togo,TGO,1970,0.16344
Togo,TGO,2009,2.03165
Togo,TGO,2011,2.17487
Togo,TGO,2017,3.38689
Tonga,TON,1986,7.54659
Tonga,TON,1996,9.90792
Tonga,TON,2006,9.95346
Tonga,TON,2011,10.89443
Tonga,TON,2019,10.91694
Trinidad and Tobago,TTO,1970,5.40025
Trinidad and Tobago,TTO,1980,6.84337
Trinidad and Tobago,TTO,1990,7.13432
Trinidad and Tobago,TTO,2008,10.28303
Trinidad and Tobago,TTO,2009,10.28294
Trinidad and Tobago,TTO,2011,10.65714
Tunisia,TUN,1975,0.69029
Tunisia,TUN,1980,1.08288
Tunisia,TUN,1984,1.5789
Tunisia,TUN,2008,5.23612
Tunisia,TUN,2010,5.66985
Tunisia,TUN,2011,5.83959
Tunisia,TUN,2012,5.77239
Tunisia,TUN,2016,6.4537
Tunisia,TUN,2018,6.86841
Tunisia,TUN,2019,6.68952
Turkey,TUR,1975,1.31661
Turkey,TUR,1980,1.69463
Turkey,TUR,1985,2.66822
Turkey,TUR,2004,4.83157
Turkey,TUR,2005,4.90114
Turkey,TUR,2006,4.99168
Turkey,TUR,2007,5.10106
Turkey,TUR,2008,5.51136
Turkey,TUR,2009,5.69725
Turkey,TUR,2010,6.17359
Turkey,TUR,2011,6.45574
Turkey,TUR,2012,6.6059
Turkey,TUR,2013,6.76029
Turkey,TUR,2014,6.9307
Turkey,TUR,2015,7.10286
Turkey,TUR,2016,7.27073
Turkey,TUR,2017,7.45202
Turkey,TUR,2019,7.87034
Turkmenistan,TKM,1995,10.51831
Turkmenistan,TKM,2015,10.56225
Turkmenistan,TKM,2019,10.77851
Turks and Caicos Islands,TCA,1970,5.20593
Turks and Caicos Islands,TCA,1980,5.91786
Turks and Caicos Islands,TCA,2019,11.20009
Tuvalu,TUV,1991,6.74216
Tuvalu,TUV,2019,10.33369
Uganda,UGA,1991,2.19805
Uganda,UGA,2002,3.12157
Uganda,UGA,2008,5.13409
Uganda,UGA,2010,5.19014
Uganda,UGA,2012,4.07492
Uganda,UGA,2016,4.89053
Ukraine,UKR,1970,5.28919
Ukraine,UKR,2001,10.78736
United Arab Emirates,ARE,1975,2.26226
United Arab Emirates,ARE,2005,10.06002
United Arab Emirates,ARE,2017,11.62022
United Arab Emirates,ARE,2018,11.92583
United Arab Emirates,ARE,2019,12.52534
United Arab Emirates,ARE,2021,12.58837
United Arab Emirates,ARE,2022,12.83427
United Kingdom,GBR,1971,11.3052
United Kingdom,GBR,2009,12.98205
United Kingdom,GBR,2010,13.11941
United Kingdom,GBR,2011,13.08041
United Kingdom,GBR,2012,13.27082
United Kingdom,GBR,2013,12.74895
United Kingdom,GBR,2014,12.83813
United Kingdom,GBR,2017,13.15525
United Kingdom,GBR,2020,13.45
United Kingdom,GBR,2021,13.55489
United States,USA,1970,11.00028
United States,USA,1975,11.4012
United States,USA,1979,11.69715
United States,USA,1980,12.27472
United States,USA,1981,12.43098
United States,USA,1994,13.05392
United States,USA,2004,12.77589
United States,USA,2005,12.79818
United States,USA,2006,12.91239
United States,USA,2008,12.98611
United States,USA,2009,13.00768
United States,USA,2010,13.06368
United States,USA,2011,13.10388
United States,USA,2012,13.13674
United States,USA,2013,13.20599
United States,USA,2014,13.24684
United States,USA,2015,13.28119
United States,USA,2016,13.37851
United States,USA,2017,13.45487
United States,USA,2018,13.5278
United States,USA,2020,13.73783
United States,USA,2021,13.65357
United States,USA,2022,14.00416
Uruguay,URY,1975,5.76678
Uruguay,URY,1985,7.18138
Uruguay,URY,1996,7.61233
Uruguay,URY,2003,9.13902
Uruguay,URY,2006,8.17408
Uruguay,URY,2008,8.55552
Uruguay,URY,2009,8.55236
Uruguay,URY,2010,8.50602
Uruguay,URY,2011,8.62578
Uruguay,URY,2012,8.71942
Uruguay,URY,2013,8.74269
Uruguay,URY,2014,8.85461
Uruguay,URY,2015,8.91082
Uruguay,URY,2016,8.96582
Uruguay,URY,2017,9.08903
Uruguay,URY,2018,9.17076
Uruguay,URY,2019,9.25156
Uzbekistan,UZB,2013,11.06981
Uzbekistan,UZB,2014,11.15477
Uzbekistan,UZB,2015,11.16592
Uzbekistan,UZB,2016,11.44805
Uzbekistan,UZB,2018,11.59314
Uzbekistan,UZB,2019,11.73186
Uzbekistan,UZB,2021,11.68379
Uzbekistan,UZB,2022,11.74777
Venezuela,VEN,1971,2.85775
Venezuela,VEN,1981,5.0401
Venezuela,VEN,1990,5.22118
Venezuela,VEN,2001,7.85757
Venezuela,VEN,2006,7.65919
Venezuela,VEN,2007,8.17912
Venezuela,VEN,2008,8.36167
Venezuela,VEN,2009,8.50675
Venezuela,VEN,2011,9.44654
Venezuela,VEN,2015,9.97143
Venezuela,VEN,2016,10.59848
Vietnam,VNM,1979,5.52854
Vietnam,VNM,1989,3.55815
Vietnam,VNM,2009,7.03377
Vietnam,VNM,2019,8.10585
Vietnam,VNM,2022,8.51621
Zambia,ZMB,1980,2.26197
Zambia,ZMB,1990,3.22864
Zambia,ZMB,2018,6.15138
Zimbabwe,ZWE,1992,4.48989
Zimbabwe,ZWE,2002,5.99232
Zimbabwe,ZWE,2012,7.50665
Zimbabwe,ZWE,2014,7.49494
Zimbabwe,ZWE,2015,7.70207
Zimbabwe,ZWE,2017,8.06188
Zimbabwe,ZWE,2019,8.07002